"","Gene_id","Variant","Percent_12B","Percent_10G","Percent_3D7B","MaxRedPercentDif","MeanRedPercent","Interval","areaFC","area_12B","area_10G","area_3D7B","MaxArea","MinArea","MeanPercent","rel_12B","rel_10G","rel_3D7B","Gene_name","Annot","state_12B","state_10G","state_3D7B"
"1","PF3D7_0302200",TRUE,78.6860198624905,99.5798319327731,42.3223834988541,57.257448433919,73.5294117647059,"Right",4.82308895266334,37.3294797556105,88.1957708995209,23.325224486199,88.1957708995209,23.325224486199,76.3680397975214,"min","max","min","CLAG3.2","cytoadherence linked asexual protein 3.2","Var_Repressed_FC","Var_Active_FC","Var_Repressed_FC"
"2","PF3D7_0302500",TRUE,98.8158899923606,84.3964858670741,98.9877769289534,14.5912910618793,94.0667175961294,"Right",3.45226989808304,100.120651128324,53.6876209991071,99.587667117869,100.120651128324,53.6876209991071,88.7240356083086,"max","min","max","CLAG3.1","cytoadherence linked asexual protein 3.1","Var_Active_FC","Var_Repressed_FC","Var_Active_FC"
